{"train/loss": 0.0, "train/learning_rate": 0.0, "train/epoch": 0.0, "train/global_step": 30, "_timestamp": 1688890240.1667173, "_runtime": 117.98891019821167, "_step": 2, "_wandb": {"runtime": 120}}