{"train/loss": 3.3039, "train/learning_rate": 1.269572577232332e-07, "train/epoch": 3.0, "train/global_step": 2463, "_timestamp": 1688894805.5717237, "_runtime": 1727.9508647918701, "_step": 258, "eval/loss": 3.412109375, "eval/runtime": 14.9191, "eval/samples_per_second": 3.351, "eval/steps_per_second": 0.469, "train/train_runtime": 1729.5749, "train/train_samples_per_second": 1.424, "train/train_steps_per_second": 1.424, "train/total_flos": 677362787942400.0, "train/train_loss": 3.4930050687677627, "_wandb": {"runtime": 1726}}