{"train/loss": 0.0, "train/learning_rate": 0.0, "train/epoch": 0.0, "train/global_step": 40, "_timestamp": 1688890044.3652074, "_runtime": 143.33600735664368, "_step": 3, "_wandb": {"runtime": 155}}