{"train/loss": 3.1746, "train/learning_rate": 2.539145154464664e-07, "train/epoch": 3.0, "train/global_step": 2463, "_timestamp": 1688903790.5325975, "_runtime": 1296.854410648346, "_step": 258, "eval/loss": 3.185546875, "eval/runtime": 11.8966, "eval/samples_per_second": 4.203, "eval/steps_per_second": 0.588, "train/train_runtime": 1298.2328, "train/train_samples_per_second": 1.897, "train/train_steps_per_second": 1.897, "train/total_flos": 511456227360768.0, "train/train_loss": 3.2688580047198537, "_wandb": {"runtime": 1295}}