{"train/loss": 3.0951, "train/learning_rate": 2.539145154464664e-07, "train/epoch": 3.0, "train/global_step": 2463, "_timestamp": 1688900292.7399545, "_runtime": 1328.8856143951416, "_step": 258, "eval/loss": 3.19140625, "eval/runtime": 11.5407, "eval/samples_per_second": 4.332, "eval/steps_per_second": 0.607, "train/train_runtime": 1330.2371, "train/train_samples_per_second": 1.852, "train/train_steps_per_second": 1.852, "train/total_flos": 511456227360768.0, "train/train_loss": 3.271930826228177, "_wandb": {"runtime": 1328}}