{"train/loss": 3.3918, "train/learning_rate": 1.269572577232332e-07, "train/epoch": 3.0, "train/global_step": 2463, "_timestamp": 1688898887.7153728, "_runtime": 1781.1653327941895, "_step": 258, "eval/loss": 3.40625, "eval/runtime": 16.3715, "eval/samples_per_second": 3.054, "eval/steps_per_second": 0.428, "train/train_runtime": 1782.5494, "train/train_samples_per_second": 1.382, "train/train_steps_per_second": 1.382, "train/total_flos": 677362787942400.0, "train/train_loss": 3.485028420625254, "_wandb": {"runtime": 1780}}