{"train/loss": 3.6877, "train/learning_rate": 9.576809140922558e-05, "train/epoch": 0.24, "train/global_step": 200, "_timestamp": 1688891768.2086372, "_runtime": 131.1599361896515, "_step": 19, "_wandb": {"runtime": 135}}